Performance ID,Activity ID,Activity Type ID,Distance,Calories,Time (minutes),Avg HR,Max HR,Aerobic TE,Avg Run Cadence,Avg Pace (min/km),Best Pace (min/km)
1_AT001,1,AT001,5.26,408.0,30.13,147,169,3.5,167.0,5.73,4.38
2_AT001,2,AT001,5.12,410.0,30.33,148,171,3.5,167.0,5.92,4.98
3_AT001,3,AT001,5.01,403.0,30.2,146,167,3.4,164.0,6.03,3.9
4_AT001,4,AT001,4.8,412.0,30.32,148,166,3.4,163.0,6.32,5.08
5_AT001,5,AT001,5.15,423.0,31.17,148,164,3.5,163.0,6.05,4.2
6_AT001,6,AT001,5.43,429.0,31.22,150,175,3.7,166.0,5.75,3.97
7_AT001,7,AT001,4.99,395.0,30.38,142,158,3.2,167.0,6.1,4.92
8_AT002,8,AT002,5.92,534.0,43.03,139,165,3.3,146.0,7.27,4.72
9_AT001,9,AT001,6.88,547.0,40.45,148,165,3.8,165.0,5.88,4.82
10_AT002,10,AT002,5.26,493.0,41.67,139,165,3.0,137.0,7.93,4.2
11_AT002,11,AT002,4.81,411.0,31.3,146,165,3.3,158.0,6.52,4.82
12_AT002,12,AT002,8.21,677.0,48.02,150,173,4.2,165.0,5.85,4.88
13_AT002,13,AT002,6.96,547.0,38.02,157,177,4.0,167.0,5.47,4.08
14_AT001,14,AT001,5.18,387.0,30.15,141,151,3.1,167.0,5.83,4.27
15_AT002,15,AT002,10.01,832.0,55.95,163,184,5.0,167.0,5.58,4.15
16_AT002,16,AT002,5.23,421.0,30.02,149,167,3.5,169.0,5.73,4.75
17_AT002,17,AT002,4.72,337.0,55.55,82,125,1.3,95.0,11.78,4.55
18_AT002,18,AT002,7.63,616.0,43.03,152,169,4.1,169.0,5.63,4.88
19_AT002,19,AT002,8.08,654.0,45.07,155,173,4.2,170.0,5.58,4.58
20_AT002,20,AT002,7.48,607.0,45.88,146,158,3.5,164.0,6.13,4.67
21_AT002,21,AT002,7.11,603.0,42.67,153,175,4.2,167.0,6.0,5.08
22_AT002,22,AT002,8.8,693.0,50.62,146,169,3.9,165.0,5.75,3.63
23_AT002,23,AT002,8.82,694.0,49.02,157,175,4.2,166.0,5.57,4.83
24_AT002,24,AT002,8.38,668.0,51.13,138,151,3.8,162.0,6.1,5.17
25_AT002,25,AT002,6.2,500.0,36.13,149,170,3.6,162.0,5.82,5.17
26_AT002,26,AT002,7.32,581.0,44.08,140,158,3.6,163.0,6.02,4.92
27_AT002,27,AT002,7.63,616.0,42.13,159,183,4.4,162.0,5.52,3.53
28_AT002,28,AT002,5.4,412.0,30.03,149,165,3.4,160.0,5.57,4.68
29_AT002,29,AT002,8.63,624.0,47.9,145,158,3.4,162.0,5.55,4.55
30_AT002,30,AT002,6.91,577.0,41.75,154,172,3.9,151.0,6.03,4.58
31_AT002,31,AT002,6.68,484.0,33.02,149,168,3.9,168.0,4.93,3.62
32_AT003,32,AT003,,184.0,19.88,119,138,1.4,,,
33_AT002,33,AT002,6.43,523.0,36.0,152,168,3.8,162.0,5.6,3.75
34_AT003,34,AT003,,263.0,24.48,129,162,2.3,,,
35_AT002,35,AT002,9.61,762.0,54.02,151,171,4.2,167.0,5.62,3.72
36_AT002,36,AT002,5.94,489.0,33.05,156,172,3.9,166.0,5.57,4.55
37_AT002,37,AT002,5.91,465.0,30.05,164,180,4.3,163.0,5.08,3.8
38_AT002,38,AT002,8.73,678.0,48.07,149,173,4.2,164.0,5.5,4.58
39_AT004,39,AT004,,241.0,23.18,125,152,2.4,,2.32,1.85
40_AT002,40,AT002,8.89,710.0,50.02,149,170,4.5,164.0,5.63,4.38
41_AT002,41,AT002,8.55,619.0,50.05,138,164,3.4,163.0,5.85,4.68
42_AT002,42,AT002,6.71,628.0,48.77,149,172,3.5,145.0,7.27,4.2
43_AT004,43,AT004,650.0,149.0,27.4,123,145,2.0,,4.1,1.17
44_AT004,44,AT004,450.0,113.0,16.73,111,129,1.0,,3.0,1.17
45_AT002,45,AT002,7.4,676.0,52.05,152,207,3.8,151.0,7.03,4.35
46_AT002,46,AT002,6.3,610.0,46.85,152,172,3.6,135.0,7.43,4.58
47_AT002,47,AT002,4.19,343.0,24.62,148,159,3.3,165.0,5.88,4.78
48_AT002,48,AT002,5.36,413.0,30.03,145,167,3.5,161.0,5.6,3.88
49_AT002,49,AT002,7.86,640.0,43.93,159,176,4.5,166.0,5.58,4.55
50_AT002,50,AT002,7.03,565.0,39.03,156,179,4.2,164.0,5.55,4.2
51_AT002,51,AT002,7.92,655.0,50.18,145,163,3.6,159.0,6.33,5.15
52_AT002,52,AT002,3.78,281.0,19.33,157,175,3.4,163.0,5.12,3.65
53_AT002,53,AT002,9.03,839.0,58.93,160,182,4.7,139.0,6.53,4.1
54_AT001,54,AT001,3.99,298.0,24.82,136,146,2.7,163.0,6.22,4.6
55_AT002,55,AT002,5.75,461.0,31.68,160,184,4.0,164.0,5.52,4.3
56_AT002,56,AT002,8.93,701.0,54.67,140,158,3.7,160.0,6.12,4.78
57_AT002,57,AT002,4.87,397.0,28.17,150,170,3.5,165.0,5.78,4.42
58_AT002,58,AT002,3.86,315.0,23.3,146,163,3.1,161.0,6.03,5.28
59_AT002,59,AT002,3.79,316.0,22.8,147,169,3.2,161.0,6.02,4.78
60_AT002,60,AT002,6.02,492.0,33.7,157,182,4.1,162.0,5.6,4.3
61_AT003,61,AT003,,193.0,12.9,162,172,3.0,,,
62_AT002,62,AT002,4.59,341.0,24.27,149,173,3.4,161.0,5.28,3.28
63_AT002,63,AT002,4.53,347.0,25.08,152,176,3.4,160.0,5.53,3.72
64_AT002,64,AT002,4.38,344.0,23.22,159,172,3.5,164.0,5.3,3.3
65_AT002,65,AT002,5.01,399.0,28.18,157,176,3.6,162.0,5.62,4.9
66_AT003,66,AT003,,300.0,21.87,151,179,3.4,,,
67_AT002,67,AT002,5.25,410.0,28.98,150,168,3.7,166.0,5.52,4.65
68_AT002,68,AT002,4.51,358.0,24.9,152,174,3.5,167.0,5.52,4.83
69_AT003,69,AT003,,308.0,21.83,156,182,3.5,,,
70_AT002,70,AT002,4.08,317.0,23.25,149,166,3.3,166.0,5.7,4.8
71_AT005,71,AT005,0.0,219.0,19.65,132,151,2.3,,,
72_AT003,72,AT003,,326.0,25.65,143,162,3.1,,,
73_AT002,73,AT002,4.2,324.0,25.78,146,162,3.1,156.0,6.13,4.77
74_AT003,74,AT003,,289.0,22.1,147,172,3.2,,2.22,
75_AT002,75,AT002,3.36,263.0,21.33,141,159,2.9,156.0,6.35,4.92
76_AT002,76,AT002,3.0,,1080.0,0,0,,,,
77_AT003,77,AT003,,295.0,21.85,152,185,3.4,,,
78_AT001,78,AT001,2.75,199.0,15.55,141,152,2.6,169.0,5.65,4.13
79_AT001,79,AT001,2.54,220.0,15.63,152,160,3.0,163.0,6.15,4.55
80_AT003,80,AT003,,155.0,13.1,135,160,2.3,,,
81_AT005,81,AT005,0.0,286.0,26.6,133,151,2.4,,,
82_AT001,82,AT001,2.18,160.0,13.78,133,150,2.2,162.0,6.32,5.15
83_AT003,83,AT003,,243.0,18.77,144,168,2.9,,2.35,
84_AT001,84,AT001,1.68,115.0,11.08,125,139,1.7,156.0,6.58,5.33
85_AT002,85,AT002,11.66,920.0,66.05,153,174,4.5,162.0,5.67,4.52
86_AT001,86,AT001,8.43,633.0,45.72,152,180,4.1,162.0,5.43,3.93
87_AT001,87,AT001,5.64,450.0,34.02,145,164,3.2,159.0,6.03,4.32
88_AT002,88,AT002,9.9,761.0,52.62,158,177,4.4,164.0,5.32,3.97
89_AT002,89,AT002,7.13,595.0,45.05,150,171,3.8,148.0,6.32,4.15
90_AT002,90,AT002,8.54,683.0,48.13,158,177,4.3,163.0,5.63,3.22
91_AT001,91,AT001,5.57,403.0,30.0,151,168,3.5,171.0,5.38,4.3
92_AT002,92,AT002,5.05,378.0,29.65,143,163,3.1,154.0,5.87,2.82
93_AT002,93,AT002,6.93,545.0,40.37,147,164,3.5,161.0,5.83,4.93
94_AT002,94,AT002,7.22,588.0,45.53,144,166,3.8,149.0,6.32,4.03
95_AT002,95,AT002,6.01,492.0,40.05,140,160,3.3,152.0,6.67,4.43
96_AT002,96,AT002,6.82,545.0,38.22,157,185,4.0,164.0,5.6,3.88
97_AT002,97,AT002,6.66,512.0,39.18,143,167,3.4,162.0,5.88,4.88
98_AT001,98,AT001,9.05,721.0,55.52,146,164,3.8,164.0,6.13,5.23
99_AT002,99,AT002,5.91,483.0,36.87,149,172,3.4,154.0,6.23,3.73
100_AT002,100,AT002,7.95,627.0,47.93,143,160,3.8,157.0,6.03,4.08
101_AT005,101,AT005,0.0,688.0,56.08,150,175,3.9,,,
102_AT002,102,AT002,5.11,385.0,28.07,149,165,3.3,168.0,5.48,4.87
103_AT001,103,AT001,4.25,371.0,41.45,126,159,2.9,120.0,9.75,5.45
104_AT003,104,AT003,,185.0,14.53,141,155,2.5,,,
105_AT001,105,AT001,1.89,134.0,12.85,125,140,1.7,157.0,6.8,5.87
106_AT005,106,AT005,0.0,651.0,63.82,135,171,3.3,,,
107_AT005,107,AT005,0.0,210.0,18.07,136,163,2.2,,,
108_AT006,108,AT006,0.0,294.0,23.67,142,172,2.9,27.0,,
109_AT002,109,AT002,12.76,990.0,80.0,144,162,4.0,155.0,6.27,3.87
110_AT005,110,AT005,0.0,203.0,16.55,142,164,2.4,,,
111_AT002,111,AT002,5.99,479.0,36.05,148,172,3.5,156.0,6.02,2.87
112_AT005,112,AT005,0.0,241.0,21.07,137,162,2.4,,,
113_AT002,113,AT002,8.98,684.0,50.0,149,181,4.2,161.0,5.57,3.95
114_AT002,114,AT002,5.87,447.0,31.17,157,182,3.8,167.0,5.32,4.12
115_AT002,115,AT002,6.46,504.0,38.35,149,170,3.6,161.0,5.93,3.12
116_AT005,116,AT005,0.0,240.0,19.45,143,167,2.7,,,
117_AT002,117,AT002,5.69,451.0,33.43,156,183,3.6,157.0,5.88,3.18
118_AT002,118,AT002,8.04,671.0,49.68,153,173,4.0,158.0,6.18,4.9
119_AT005,119,AT005,0.0,187.0,15.9,137,168,2.4,,,
120_AT001,120,AT001,5.85,433.0,35.0,142,163,3.4,164.0,5.98,5.25
121_AT002,121,AT002,3.43,288.0,22.37,151,174,3.2,137.0,6.52,2.42
122_AT002,122,AT002,4.8,392.0,30.03,143,158,3.4,159.0,6.25,4.75
123_AT002,123,AT002,1.62,113.0,9.0,137,149,2.3,158.0,5.55,4.42
124_AT005,124,AT005,0.0,241.0,19.52,144,167,2.8,,,
125_AT003,125,AT003,,292.0,24.62,139,175,3.1,,,
126_AT002,126,AT002,6.01,492.0,35.17,160,180,4.1,161.0,5.85,4.65
127_AT005,127,AT005,0.0,212.0,16.07,150,171,2.9,,,
128_AT003,128,AT003,,233.0,18.83,143,173,3.0,,,
129_AT005,129,AT005,0.0,184.0,15.92,137,158,2.4,,,
130_AT001,130,AT001,4.64,401.0,32.0,147,164,3.5,154.0,6.9,5.78
131_AT005,131,AT005,0.0,62.0,4.82,142,159,1.6,,,
132_AT003,132,AT003,,303.0,24.65,142,166,3.0,,,
133_AT002,133,AT002,5.19,476.0,34.38,155,175,4.0,158.0,6.62,4.62
134_AT001,134,AT001,5.01,431.0,43.12,135,165,3.3,134.0,8.6,3.42
135_AT003,135,AT003,,262.0,25.77,128,155,2.3,,,
136_AT001,136,AT001,4.03,383.0,34.63,138,157,3.1,132.0,8.6,6.08
137_AT001,137,AT001,4.8,388.0,33.48,139,161,3.2,152.0,6.98,5.92
138_AT002,138,AT002,5.1,434.0,35.33,145,166,3.5,151.0,6.93,5.2
139_AT001,139,AT001,4.89,410.0,35.55,141,161,3.3,149.0,7.27,5.87
140_AT001,140,AT001,3.79,302.0,25.42,139,150,2.9,157.0,6.7,5.82
141_AT003,141,AT003,,159.0,20.22,115,136,1.1,,,
142_AT002,142,AT002,2.75,246.0,25.73,130,163,2.8,113.0,9.35,5.45
143_AT001,143,AT001,3.16,279.0,24.4,141,161,3.1,140.0,7.73,5.6
144_AT002,144,AT002,3.69,338.0,24.6,159,176,3.6,152.0,6.67,5.22
145_AT002,145,AT002,5.02,425.0,30.07,158,177,4.0,159.0,6.0,4.98
146_AT002,146,AT002,8.04,798.0,54.1,166,195,5.0,161.0,6.73,5.43
147_AT002,147,AT002,6.29,540.0,38.13,167,185,4.4,160.0,6.07,4.5
148_AT002,148,AT002,4.07,345.0,27.88,147,165,3.2,149.0,6.85,5.62
149_AT004,149,AT004,,161.0,25.15,135,162,2.9,,2.35,2.43
150_AT002,150,AT002,2.49,199.0,16.75,142,168,2.8,157.0,6.72,5.17
151_AT002,151,AT002,1.52,139.0,10.08,158,170,2.6,149.0,6.65,4.87
152_AT002,152,AT002,4.24,356.0,26.07,155,174,3.6,162.0,6.15,5.63
153_AT002,153,AT002,5.07,418.0,30.1,161,179,3.8,159.0,5.93,5.18
154_AT002,154,AT002,5.09,471.0,35.32,156,180,3.9,135.0,6.95,4.98
155_AT007,155,AT007,0.0,444.0,40.35,143,170,3.6,67.0,,
156_AT007,156,AT007,0.0,340.0,30.03,143,175,3.4,72.0,,
157_AT007,157,AT007,0.0,440.0,44.77,137,168,3.5,67.0,,
158_AT007,158,AT007,0.0,468.0,46.53,135,164,3.1,50.0,,
159_AT002,159,AT002,9.0,893.0,65.88,162,190,5.0,156.0,7.32,6.05
160_AT007,160,AT007,0.0,278.0,26.17,132,156,2.8,63.0,,
161_AT007,161,AT007,0.0,213.0,27.8,117,151,2.3,42.0,,
162_AT004,162,AT004,925.0,233.0,16.62,121,138,2.0,,1.67,0.8
163_AT004,163,AT004,,266.0,19.07,118,139,1.8,,1.73,0.9
164_AT007,164,AT007,0.0,313.0,25.18,147,172,3.3,79.0,,
165_AT008,165,AT008,7.59,,172.67,114,156,2.7,45.0,22.77,1.1
166_AT008,166,AT008,9.91,,210.12,110,151,2.6,63.0,21.2,1.72
167_AT002,167,AT002,4.36,397.0,31.95,152,173,3.5,134.0,7.32,4.65
168_AT007,168,AT007,0.0,565.0,68.67,127,159,3.2,58.0,,
169_AT007,169,AT007,0.0,291.0,24.23,138,162,3.0,77.0,,
170_AT002,170,AT002,4.67,392.0,41.3,135,166,3.0,124.0,8.85,5.65
171_AT002,171,AT002,5.44,508.0,39.3,155,177,3.7,141.0,7.22,4.87
172_AT005,172,AT005,0.0,190.0,51.88,83,118,0.4,,,
173_AT007,173,AT007,0.0,265.0,25.77,133,162,2.9,53.0,,
174_AT002,174,AT002,4.91,407.0,32.38,144,175,3.5,166.0,6.6,4.95
175_AT007,175,AT007,0.0,296.0,25.5,137,157,3.0,65.0,,
176_AT002,176,AT002,4.73,404.0,34.13,145,167,3.1,157.0,7.22,5.65
177_AT007,177,AT007,0.0,132.0,25.88,93,119,0.6,28.0,,
178_AT002,178,AT002,5.66,554.0,39.02,164,190,4.7,141.0,6.88,4.68
179_AT002,179,AT002,6.02,471.0,40.13,137,154,3.1,166.0,6.67,2.03
180_AT002,180,AT002,4.61,378.0,34.03,140,162,3.1,150.0,7.38,4.47
181_AT007,181,AT007,0.0,508.0,43.63,139,158,3.4,48.0,,
182_AT007,182,AT007,0.0,311.0,31.72,123,145,2.4,17.0,,
183_AT002,183,AT002,5.42,447.0,32.97,157,180,3.8,160.0,6.08,5.23
184_AT002,184,AT002,4.2,340.0,26.62,145,160,3.2,163.0,6.35,5.65
185_AT002,185,AT002,5.03,407.0,31.65,147,167,3.4,164.0,6.3,5.57
186_AT002,186,AT002,4.56,374.0,30.08,148,166,3.2,163.0,6.6,5.5
187_AT002,187,AT002,10.0,806.0,56.48,163,181,5.0,165.0,5.65,4.6
188_AT002,188,AT002,8.02,651.0,51.38,145,182,4.1,164.0,6.4,4.63
189_AT007,189,AT007,0.0,275.0,26.18,135,177,3.1,57.0,,
190_AT002,190,AT002,6.01,536.0,39.08,153,174,4.3,161.0,6.5,5.85
191_AT007,191,AT007,0.0,169.0,38.22,121,142,2.1,24.0,,
192_AT002,192,AT002,4.76,382.0,30.17,148,167,3.4,159.0,6.33,5.52
193_AT002,193,AT002,5.4,442.0,34.12,150,172,3.9,150.0,6.32,3.78
194_AT002,194,AT002,5.01,397.0,30.55,147,170,3.6,159.0,6.1,4.83
195_AT002,195,AT002,6.4,596.0,41.43,167,184,5.0,157.0,6.48,5.18
196_AT002,196,AT002,4.67,387.0,30.05,148,167,3.4,159.0,6.43,5.35
197_AT002,197,AT002,4.83,390.0,30.1,152,168,3.5,156.0,6.23,5.3
198_AT002,198,AT002,8.0,673.0,52.0,0,0,,,6.5,
199_AT002,199,AT002,5.01,406.0,30.32,154,173,3.7,162.0,6.05,5.3
200_AT002,200,AT002,4.03,327.0,25.85,150,173,3.3,154.0,6.42,5.43
201_AT002,201,AT002,3.77,310.0,35.1,128,154,2.7,122.0,9.32,5.82
202_AT002,202,AT002,5.38,441.0,33.05,152,171,3.7,159.0,6.15,4.47
203_AT002,203,AT002,3.53,284.0,20.9,153,169,3.2,161.0,5.92,5.08
204_AT002,204,AT002,5.02,427.0,31.67,150,173,3.7,155.0,6.32,5.37
205_AT002,205,AT002,5.01,404.0,30.4,150,170,3.6,156.0,6.07,4.83
206_AT002,206,AT002,4.54,379.0,30.12,146,163,3.2,157.0,6.63,5.25
207_AT002,207,AT002,3.1,244.0,19.92,143,163,3.0,149.0,6.43,5.05
208_AT002,208,AT002,5.15,415.0,30.1,156,172,3.8,160.0,5.85,3.85
209_AT002,209,AT002,7.6,615.0,43.1,158,173,4.6,163.0,5.67,4.8
210_AT009,210,AT009,32.19,742.0,66.03,135,158,3.6,,,
211_AT002,211,AT002,6.98,580.0,49.83,145,168,4.0,132.0,7.13,4.88
212_AT004,212,AT004,,151.0,20.27,129,159,2.6,,2.03,2.25
213_AT010,213,AT010,19.1,,165.15,135,168,4.3,,,
214_AT002,214,AT002,7.68,613.0,44.08,157,174,4.3,162.0,5.75,5.08
215_AT002,215,AT002,5.04,413.0,31.82,135,170,3.6,147.0,6.3,4.87
216_AT002,216,AT002,4.46,392.0,30.13,158,174,3.4,157.0,6.77,5.0
217_AT002,217,AT002,5.15,432.0,38.25,140,157,3.4,136.0,7.42,4.38
218_AT007,218,AT007,0.0,425.0,38.23,134,169,3.4,71.0,,
219_AT007,219,AT007,0.0,321.0,29.68,136,162,3.2,53.0,,
220_AT002,220,AT002,5.11,415.0,31.1,151,171,3.8,157.0,6.08,4.07
221_AT005,221,AT005,0.0,399.0,34.7,137,167,3.1,,,
222_AT007,222,AT007,0.0,369.0,30.33,139,161,3.2,44.0,,
223_AT005,223,AT005,0.0,436.0,40.67,128,167,3.3,,,
224_AT007,224,AT007,0.0,255.0,26.68,120,150,2.2,41.0,,
225_AT007,225,AT007,0.0,469.0,38.9,141,164,3.7,73.0,,
226_AT008,226,AT008,6.01,589.0,107.73,97,128,1.5,76.0,17.93,10.03
227_AT008,227,AT008,8.73,704.0,127.8,95,120,1.4,82.0,14.63,7.9
228_AT007,228,AT007,0.0,345.0,46.98,109,150,2.4,30.0,,
229_AT007,229,AT007,0.0,566.0,47.95,139,158,3.5,53.0,,
230_AT005,230,AT005,0.0,365.0,39.6,124,164,2.8,,,
231_AT007,231,AT007,0.0,294.0,27.78,126,148,2.6,64.0,,
232_AT005,232,AT005,0.0,327.0,30.07,130,159,2.9,,,
233_AT002,233,AT002,4.93,403.0,30.1,150,166,3.5,163.0,6.1,4.93
234_AT007,234,AT007,0.0,399.0,33.5,137,163,3.3,65.0,,
235_AT002,235,AT002,5.46,462.0,40.18,143,161,3.3,143.0,7.37,5.38
236_AT007,236,AT007,0.0,252.0,22.7,133,159,2.8,73.0,,
237_AT002,237,AT002,4.63,393.0,34.98,142,163,3.2,137.0,7.55,5.6
238_AT005,238,AT005,0.0,514.0,48.23,137,184,3.5,,,
239_AT002,239,AT002,5.43,453.0,36.95,150,174,3.5,150.0,6.8,5.37
240_AT007,240,AT007,0.0,318.0,25.73,145,180,3.5,61.0,,
241_AT005,241,AT005,0.0,244.0,28.07,116,149,2.1,,,
242_AT002,242,AT002,4.47,390.0,30.1,156,176,3.4,162.0,6.73,3.55
243_AT002,243,AT002,4.84,388.0,27.95,154,173,3.7,162.0,5.78,4.73
244_AT004,244,AT004,,569.0,71.45,153,180,4.6,,2.07,0.95
245_AT005,245,AT005,0.0,608.0,51.43,143,167,3.7,,,
246_AT002,246,AT002,5.1,433.0,32.45,156,179,4.1,135.0,6.37,4.25
247_AT004,247,AT004,,350.0,42.25,138,167,3.2,,2.18,1.58
248_AT005,248,AT005,0.0,435.0,43.38,126,158,3.0,,,
249_AT002,249,AT002,7.54,711.0,54.42,158,183,4.9,142.0,7.22,4.67
250_AT007,250,AT007,1.54,258.0,29.9,119,161,2.4,46.0,,
251_AT002,251,AT002,5.16,428.0,40.55,128,155,3.1,134.0,7.85,5.27
252_AT007,252,AT007,0.92,253.0,31.27,116,150,2.0,22.0,,
253_AT007,253,AT007,0.0,331.0,33.83,124,157,2.4,28.0,,
254_AT002,254,AT002,4.61,387.0,30.13,149,171,3.2,150.0,6.53,4.83
255_AT002,255,AT002,5.78,523.0,40.67,148,180,3.7,140.0,7.03,3.42
256_AT002,256,AT002,4.72,390.0,32.32,139,169,3.1,148.0,6.85,5.32
257_AT002,257,AT002,3.49,326.0,26.62,147,172,3.1,125.0,7.62,3.02
258_AT002,258,AT002,4.62,404.0,30.15,151,181,3.2,152.0,6.52,4.77
259_AT002,259,AT002,2.32,194.0,14.9,148,171,2.5,144.0,6.43,4.3
260_AT002,260,AT002,2.46,200.0,14.32,150,179,2.7,160.0,5.82,5.07
261_AT002,261,AT002,7.36,583.0,43.93,142,156,3.4,165.0,5.97,5.1
262_AT002,262,AT002,9.03,729.0,51.0,161,179,4.2,167.0,5.65,4.63
263_AT002,263,AT002,6.97,588.0,42.1,159,174,3.8,159.0,6.03,4.57
264_AT002,264,AT002,6.59,552.0,39.03,159,176,3.9,161.0,5.92,4.2
265_AT002,265,AT002,7.22,596.0,42.4,158,172,4.0,165.0,5.87,4.92
266_AT002,266,AT002,6.55,525.0,36.1,162,180,4.3,165.0,5.52,4.58
267_AT010,267,AT010,9.39,663.0,55.77,141,164,3.6,,,
268_AT010,268,AT010,9.59,725.0,64.78,140,169,3.6,,,
269_AT009,269,AT009,0.0,771.0,63.33,140,174,4.2,,,
270_AT002,270,AT002,7.36,594.0,40.77,163,182,4.8,167.0,5.55,4.55
271_AT002,271,AT002,7.46,603.0,43.1,157,179,4.4,161.0,5.78,4.95
272_AT002,272,AT002,5.0,408.0,30.12,152,171,3.6,157.0,6.03,5.1
273_AT002,273,AT002,7.39,606.0,42.75,160,173,4.5,163.0,5.78,4.63
274_AT002,274,AT002,4.87,399.0,31.68,142,157,3.2,152.0,6.5,4.92
275_AT002,275,AT002,5.02,424.0,29.33,161,184,4.1,162.0,5.83,5.07
276_AT002,276,AT002,4.03,338.0,25.42,152,172,3.4,160.0,6.32,5.17
277_AT002,277,AT002,3.39,291.0,23.7,147,168,3.0,148.0,7.0,5.47
278_AT007,278,AT007,0.0,567.0,49.35,145,182,4.4,54.0,,
279_AT007,279,AT007,0.0,299.0,23.07,145,169,3.3,74.0,,
280_AT007,280,AT007,0.0,403.0,35.8,138,172,3.4,64.0,,
281_AT007,281,AT007,0.0,353.0,35.88,126,162,3.1,51.0,,
282_AT001,282,AT001,4.07,325.0,31.13,130,156,3.1,144.0,7.65,5.63
283_AT007,283,AT007,0.0,390.0,53.27,115,168,3.0,27.0,,
284_AT002,284,AT002,5.44,456.0,34.43,144,167,3.5,165.0,6.33,5.02
285_AT007,285,AT007,0.0,621.0,57.47,131,161,3.3,19.0,,
286_AT007,286,AT007,0.0,557.0,50.32,131,164,3.2,19.0,,
287_AT007,287,AT007,0.0,407.0,39.63,125,161,3.0,68.0,,
288_AT007,288,AT007,0.0,533.0,45.58,134,155,3.2,12.0,,
289_AT007,289,AT007,0.0,585.0,50.38,135,170,3.3,16.0,,
290_AT007,290,AT007,0.0,593.0,53.97,134,164,3.3,24.0,,
291_AT002,291,AT002,5.17,474.0,37.62,149,177,4.1,133.0,7.27,5.4
292_AT007,292,AT007,0.0,403.0,43.08,124,159,3.0,23.0,,
293_AT007,293,AT007,0.0,337.0,40.75,116,155,2.3,27.0,,
294_AT007,294,AT007,0.02,358.0,33.5,134,170,3.1,47.0,,
295_AT002,295,AT002,4.89,411.0,28.4,155,171,3.9,162.0,5.82,5.23
296_AT007,296,AT007,0.0,312.0,32.53,127,162,2.9,36.0,,
297_AT007,297,AT007,0.0,389.0,30.13,149,184,3.6,48.0,,
298_AT007,298,AT007,0.0,372.0,31.8,140,173,3.4,58.0,,
299_AT007,299,AT007,0.0,398.0,32.83,144,178,3.6,67.0,,
300_AT007,300,AT007,0.0,259.0,22.18,134,166,2.9,57.0,,
301_AT002,301,AT002,4.73,386.0,27.47,151,168,3.6,159.0,5.8,4.37
302_AT002,302,AT002,4.95,411.0,29.72,148,163,3.5,157.0,6.0,5.18
303_AT002,303,AT002,5.06,427.0,29.77,152,168,3.7,158.0,5.88,5.25
304_AT002,304,AT002,4.77,448.0,28.32,166,180,4.5,157.0,5.93,4.85
305_AT002,305,AT002,4.64,380.0,25.83,156,179,3.9,161.0,5.57,4.77
306_AT002,306,AT002,4.89,421.0,29.72,151,165,3.7,156.0,6.07,4.98
307_AT002,307,AT002,4.91,393.0,30.22,142,164,3.4,158.0,6.15,4.62
308_AT002,308,AT002,4.78,382.0,26.28,155,174,3.8,160.0,5.5,4.78
309_AT002,309,AT002,3.03,242.0,16.78,152,168,3.2,159.0,5.55,4.83
310_AT002,310,AT002,4.74,391.0,27.72,149,164,3.6,160.0,5.85,5.13
311_AT002,311,AT002,5.73,562.0,35.62,162,180,5.0,161.0,6.22,4.95
312_AT002,312,AT002,6.2,526.0,35.12,156,181,4.7,159.0,5.67,4.35
313_AT002,313,AT002,3.11,225.0,16.02,147,161,3.0,165.0,5.15,4.72
314_AT002,314,AT002,5.4,403.0,28.52,148,171,3.6,161.0,5.28,4.53
315_AT002,315,AT002,5.4,393.0,28.38,147,167,3.4,163.0,5.25,4.22
316_AT002,316,AT002,5.69,489.0,33.23,155,186,4.2,162.0,5.83,4.65
317_AT003,317,AT003,,237.0,26.17,117,155,2.0,,,
318_AT002,318,AT002,5.01,434.0,29.05,158,171,4.0,157.0,5.8,4.58
319_AT002,319,AT002,6.15,511.0,34.8,154,167,3.9,168.0,5.67,4.78
320_AT003,320,AT003,,269.0,23.45,128,155,2.5,,,
321_AT002,321,AT002,5.24,410.0,27.6,155,176,3.8,165.0,5.27,4.52
322_AT002,322,AT002,4.83,434.0,32.13,145,161,3.2,161.0,6.67,5.25
323_AT002,323,AT002,7.62,646.0,41.92,159,172,4.4,165.0,5.5,4.43
324_AT006,324,AT006,0.0,319.0,20.9,156,172,3.4,99.0,,
325_AT003,325,AT003,,122.0,12.02,118,148,1.4,,,
326_AT006,326,AT006,0.0,333.0,22.62,153,172,3.3,94.0,,
327_AT003,327,AT003,,94.0,9.78,114,133,1.0,,,
328_AT002,328,AT002,5.02,442.0,26.93,166,178,4.2,161.0,5.37,3.82
329_AT002,329,AT002,5.7,489.0,31.18,160,174,4.0,164.0,5.47,4.35
330_AT001,330,AT001,1.45,133.0,11.87,125,151,2.0,119.0,8.17,5.3
331_AT002,331,AT002,6.22,528.0,34.1,159,176,4.0,164.0,5.48,4.32
332_AT002,332,AT002,5.11,391.0,26.93,150,169,3.3,164.0,5.27,4.42
333_AT006,333,AT006,0.0,309.0,20.28,155,169,3.2,100.0,,
334_AT003,334,AT003,,337.0,19.6,152,184,3.5,,1.97,
335_AT006,335,AT006,0.0,320.0,19.82,164,177,3.5,103.0,,
336_AT003,336,AT003,,162.0,11.65,146,174,2.6,,,
337_AT002,337,AT002,7.22,616.0,40.67,157,171,4.2,165.0,5.63,4.93
338_AT006,338,AT006,0.0,312.0,19.92,159,172,3.4,99.0,,
339_AT003,339,AT003,,140.0,9.92,145,164,2.3,,,
340_AT002,340,AT002,7.17,623.0,40.53,160,171,4.4,163.0,5.65,4.27
341_AT006,341,AT006,0.0,262.0,20.22,135,152,2.7,104.0,,
342_AT002,342,AT002,7.15,629.0,39.72,164,179,4.6,165.0,5.55,4.35
343_AT006,343,AT006,0.0,213.0,20.35,121,134,1.9,95.0,,
344_AT003,344,AT003,,29.0,2.93,116,129,0.3,,,
345_AT002,345,AT002,7.18,611.0,38.57,163,180,4.7,166.0,5.37,4.43
346_AT004,346,AT004,,252.0,21.28,140,158,2.9,,2.03,1.67
347_AT001,347,AT001,6.0,438.0,29.9,151,182,3.7,169.0,4.98,3.78
348_AT003,348,AT003,,284.0,20.55,145,186,3.3,,2.05,
349_AT002,349,AT002,5.09,457.0,30.8,155,169,4.0,165.0,6.05,4.85
350_AT002,350,AT002,7.21,614.0,39.23,159,181,4.6,167.0,5.43,3.58
351_AT004,351,AT004,,408.0,38.55,124,161,2.7,,1.98,1.45
352_AT001,352,AT001,5.05,381.0,30.95,135,156,3.1,148.0,6.13,4.43
353_AT002,353,AT002,8.03,679.0,40.42,168,183,5.0,166.0,5.03,3.88
354_AT004,354,AT004,,474.0,36.88,148,188,4.0,,1.88,1.47
355_AT004,355,AT004,,285.0,23.93,120,145,2.3,,1.98,1.33
356_AT008,356,AT008,8.74,,265.12,103,158,2.5,56.0,30.3,8.35
357_AT008,357,AT008,9.07,686.0,117.37,97,120,1.6,91.0,12.93,4.22
358_AT002,358,AT002,7.6,667.0,41.28,162,186,5.0,166.0,5.43,4.63
359_AT004,359,AT004,,445.0,36.68,130,157,3.0,,1.87,1.45
360_AT002,360,AT002,7.71,684.0,43.15,161,179,4.5,162.0,5.6,3.97
361_AT008,361,AT008,4.25,489.0,109.77,92,118,0.3,56.0,25.8,0.6
362_AT008,362,AT008,4.54,,193.98,102,151,1.9,36.0,42.73,6.32
363_AT004,363,AT004,,453.0,41.45,139,172,3.3,,1.93,1.27
364_AT002,364,AT002,8.07,653.0,47.22,145,162,3.6,154.0,5.85,4.47
365_AT002,365,AT002,8.22,670.0,39.9,168,183,4.9,169.0,4.85,3.52
366_AT002,366,AT002,7.52,680.0,47.1,154,180,4.0,146.0,6.27,2.55
367_AT002,367,AT002,7.36,617.0,42.15,155,173,4.0,151.0,5.72,4.48
368_AT002,368,AT002,17.92,,105.03,155,175,5.0,159.0,5.87,4.62
369_AT004,369,AT004,,288.0,23.83,113,128,1.1,,1.98,1.57
370_AT002,370,AT002,5.33,461.0,33.05,149,169,3.3,152.0,6.2,2.72
371_AT002,371,AT002,7.88,754.0,50.07,158,184,4.8,149.0,6.35,4.02
372_AT004,372,AT004,,262.0,24.93,126,138,2.1,,2.23,1.9
373_AT004,373,AT004,750.0,177.0,16.1,115,125,1.0,,2.15,1.73
374_AT002,374,AT002,7.62,621.0,44.55,150,174,3.7,157.0,5.85,4.0
375_AT002,375,AT002,4.2,382.0,30.18,141,168,3.0,128.0,7.18,2.1
376_AT002,376,AT002,7.34,622.0,41.18,154,175,4.0,155.0,5.62,4.48
377_AT004,377,AT004,700.0,168.0,14.98,119,138,1.6,,2.13,1.85
378_AT002,378,AT002,15.25,,94.4,154,173,5.0,155.0,6.18,4.75
379_AT002,379,AT002,8.15,757.0,51.0,155,181,4.3,150.0,6.25,3.1
380_AT002,380,AT002,7.15,613.0,39.77,154,181,4.1,156.0,5.57,3.5
381_AT002,381,AT002,9.33,761.0,50.0,156,177,4.3,161.0,5.35,3.93
382_AT002,382,AT002,7.41,641.0,42.07,151,179,3.9,156.0,5.68,3.68
383_AT002,383,AT002,7.19,634.0,39.83,158,172,4.0,157.0,5.53,4.62
384_AT002,384,AT002,11.62,896.0,64.55,148,177,3.9,156.0,5.55,2.55
385_AT002,385,AT002,7.86,629.0,43.87,148,165,3.7,148.0,5.58,4.03
386_AT002,386,AT002,16.56,,90.6,144,159,3.9,159.0,5.47,4.57
387_AT002,387,AT002,5.76,460.0,31.8,150,169,3.3,158.0,5.52,1.77
388_AT002,388,AT002,8.2,647.0,45.0,150,172,3.8,153.0,5.48,4.37
389_AT002,389,AT002,6.51,543.0,40.1,148,176,3.3,142.0,6.17,2.42
390_AT002,390,AT002,4.5,42.0,25.0,116,134,0.4,155.0,5.55,5.32
391_AT002,391,AT002,15.41,,85.05,151,166,4.6,157.0,5.52,4.47
392_AT002,392,AT002,5.8,480.0,33.77,150,174,3.4,152.0,5.83,2.15
393_AT002,393,AT002,8.4,655.0,50.02,145,176,3.7,148.0,5.95,3.67
394_AT002,394,AT002,7.51,639.0,45.0,152,167,3.8,149.0,6.0,3.83
395_AT002,395,AT002,17.59,,100.0,161,177,5.0,154.0,5.68,4.3
396_AT002,396,AT002,11.85,985.0,66.88,153,175,4.6,157.0,5.65,3.83
397_AT004,397,AT004,630.0,158.0,22.35,105,128,0.5,,2.53,1.27
398_AT004,398,AT004,336.0,75.0,15.47,129,153,2.2,,4.48,1.55
399_AT002,399,AT002,7.28,597.0,51.0,136,165,3.2,129.0,7.02,2.98
400_AT004,400,AT004,140.0,33.0,6.88,104,135,0.5,,3.62,1.25
401_AT002,401,AT002,6.45,525.0,40.12,141,162,3.2,156.0,6.22,4.78
402_AT002,402,AT002,15.81,,90.0,153,174,5.0,152.0,5.7,4.47
403_AT002,403,AT002,4.93,442.0,30.55,155,178,3.5,147.0,6.2,2.38
404_AT002,404,AT002,7.77,596.0,40.0,157,174,4.1,158.0,5.15,4.37
405_AT002,405,AT002,4.76,416.0,30.0,150,173,3.4,143.0,6.3,4.42
406_AT002,406,AT002,8.81,682.0,50.0,149,169,4.0,153.0,5.67,4.65
407_AT002,407,AT002,5.24,415.0,30.15,149,168,3.3,152.0,5.75,4.6
408_AT002,408,AT002,6.87,536.0,37.07,158,176,3.9,161.0,5.4,4.08
409_AT002,409,AT002,5.96,461.0,36.52,146,169,3.5,149.0,6.13,4.02
410_AT002,410,AT002,9.96,821.0,60.08,156,176,5.0,151.0,6.03,4.5
411_AT002,411,AT002,5.36,433.0,30.02,157,178,4.2,157.0,5.6,4.37
412_AT002,412,AT002,1.6,128.0,9.0,154,179,2.7,142.0,5.63,3.15
413_AT002,413,AT002,5.0,391.0,28.17,157,177,4.0,150.0,5.63,3.63
